street,zip,city
Webergasse 1,1067,Dresden
Prager Str. 8 A,1069,Dresden
Kohlenstr. 18 B,1189,Dresden
Dohnaer Str. 246,1239,Dresden
Hauptstr. 46,1589,Riesa
Städtelner Str. 54,4416,Markkleeberg
Niedermarkt 30,4720,Döbeln
Friedrichplatz 14,4860,Torgau
Ratsgasse 6,6844,Dessau-Roßlau
Innere Plauensche Str. 14,8056,Zwickau
Äußere Plauensche Str. 26,8056,Zwickau
Schubertstr. 3,8058,Zwickau
Äußere Reichenbacher Str. 64,8529,Plauen
Weinbergsweg 1,10119,Berlin
Sewanstr. 4,10319,Berlin
Wilmersdorfer Str. 64,10627,Berlin
Wilmersdorfer Str. 46,10627,Berlin
Kurfürstendamm 71,10709,Berlin
Joachimstaler Str. 21,10719,Berlin
Rankestr. 34,10789,Berlin
Tempelhofer Damm 126,12099,Berlin
Großbeerenstr. 2,12107,Berlin
Baumschulenstr. 90,12437,Berlin
Helene-Weigel-Platz 11,12681,Berlin
Am Prerowerplatz 4a,13051,Berlin
Landsberger Allee 277,13055,Berlin
Döberitzer Weg 3,14624,Dallgow-Döberitz
Spitzkrugring 1,15234,Frankfurt
Landgrabenpark 1,16303,Schwedt
Ostsee-Park-Str. 3,18069,Lambrechtshagen
Hansestr. 37,18182,Bentwisch
Grabenstr. 1,19061,Schwerin
Reichenstr. 12/13,19258,Boizenburg
Gerhart-Hauptmann-Platz 46-48,20095,Hamburg
Heußweg 37,20255,Hamburg
Lüneburger Str. 45,21073,Hamburg
Hannoversche Str. 86,21079,Hamburg
Holzstr. 14,21682,Stade
Wandsbeker Marktstr. 73,22041,Hamburg
Hamburger Str. 33/37,22083,Hamburg
Hamburger Str. 47,22083,Hamburg
Billstedter Platz 9,22111,Hamburg
Willinghusener Weg 1,22113,Oststeinbek
Rahlstedter Bahnhofstr. 20,22143,Hamburg
Langenhorner Markt 9a,22415,Hamburg
Herrenholz 14,23556,Lübeck
Konrad-Adenauer-Str. 1,23558,Lübeck
Großflecken 30,24534,Neumünster
Langberger Weg 4,24941,Flensburg
Schleswiger Str. 130,24941,Flensburg
Großer Sand 12,25436,Uetersen
Posthalterweg,26129,Oldenburg
Am Markt 15-17,26427,Esens
Fischteichweg 15-19,26603,Aurich
Albert-Post-Platz 21,26655,Westerstede
Poststr. 15a,26897,Esterwegen
Verdener Str. 5,27356,Rotenburg
Lange Str. 108,27749,Delmenhorst
Stedinger Str. 101,27753,Delmenhorst
Duckwitzstr. 55,28199,Bremen
Pfalzburger Str. 41,28207,Bremen
Alter Dorfweg 30-50,28259,Bremen
Hans-Bredow-Str. 19,28307,Bremen
Veerßer Str. 59,29525,Uelzen
Georgstr. 16,30159,Hannover
Theaterstr. 14,30159,Hannover
An der Weide 23-25,30173,Hannover
Opelstr. 3-5,30916,Isernhagen
Konrad-Adenauer-Str. 33,31737,Rinteln
Pferdemarkt 1,31785,Hameln
Husener Str. 48,33098,Paderborn
Pohlweg 110,33100,Paderborn
Alter Hellweg 29,33106,Paderborn
Geseker Str. 10,33154,Salzkotten
Am Wallgraben 14,33154,Salzkotten
Bahnhofstr. 8,33415,Verl
Niedernstr. 37,33602,Bielefeld
Elbeallee 79,33689,Bielefeld
Oldentruper Str. 236,33719,Bielefeld
Mühlenstr. 2,33803,Steinhagen
Obere Königsstr. 21,34117,Kassel
Landgraf-Karl-Str. 1,34131,Kassel
Frankfurter Str. 225,34134,Kassel
Fuldastr. 1,34225,Baunatal
Heinrich-Nordhoff-Str. 7,34225,Baunatal
Lange Wender 7,34246,Vellmar
Hauptstraße 30,34431,Marsberg
Kasseler Str. 22 A,34560,Fritzlar
Am Forum 1,35576,Wetzlar
Schlitzer Str. 87,36039,Fulda
Keltenstr. 20,36043,Fulda
Justus-Liebig-Str. 1,36100,Petersberg
Theaterstr. 17b,37073,Göttingen
Hutfiltern 6,38100,Braunschweig
Platz am Ritterbrunnen 1,38100,Braunschweig
BraWo-Allee 1,38102,Braunschweig
Elbestr. 25,38120,Braunschweig
Am Pfingstanger 7,38259,Salzgitter
Schweigerstr. 9,38302,Wolfenbüttel
Porschestraße 41 E,38440,Wolfsburg
Rudolf-Diesel-Str. 44,38820,Halberstadt
Platz des Friedens 1,38855,Wernigerode
Ernst-Reuter-Allee 11,39104,Magdeburg
Konrad-Adenauer-Platz 14,40210,Düsseldorf
Graf-Adolf-Str. 35,40210,Düsseldorf
Flinger Str. 3,40213,Düsseldorf
Suitbertusstr. 137,40223,Düsseldorf
Altenbrückstr. 17,40599,Düsseldorf
Mittelstr. 67,40721,Hilden
Talstr. 4-6,40822,Mettmann
Jubiläumsplatz 3,40822,Mettmann
Eisenhüttenstr. 2,40882,Ratingen
Bismarckstr. 34,41061,Mönchengladbach
Quadtstr. 20,41189,Mönchengladbach
Schellbergstr. 9,41469,Neuss
Kanalstr. 51-55,41748,Viersen
Hofaue 95,42103,Wuppertal
Wall 1,42103,Wuppertal
Ascheweg 16,42369,Wuppertal
Bornstr. 160,44145,Dortmund
Wulfshofstr. 6-8,44149,Dortmund
Brackeler Hellweg 138,44309,Dortmund
Deutsche Str. 7,44339,Dortmund
Deutsche Str. 4,44339,Dortmund
Siemensstr. 10,44579,Castrop-Rauxel
Frielinghausstr. 8,44803,Bochum
Riemker Str. 13,44809,Bochum
Ückendorfer Str. 49,45327,Essen
Hans-Böckler-Platz 10,45468,Mülheim
Reschop Carre Platz 1,45525,Hattingen
Westfalenstr. 145,45661,Recklinghausen
Berliner Platz 14,45739,Oer-Erkenschwick
Brassertstr. 109,45768,Marl
Finkenstr. 61-63,45772,Marl
Ulrichstr. 10,45891,Gelsenkirchen
Cranger Str. 278,45891,Gelsenkirchen
Südring-Center-Promenade 1,46242,Bottrop
Hauptstr. 34,46244,Bottrop
Moerser Str. 238-240,47198,Duisburg
Asterlager Str. 90,47228,Duisburg
Moerser Str. 290,47475,Kamp-Lintfort
Römerstr. 16-18,47495,Rheinberg
Steinstr. 18,47574,Goch
Voßstr. 57-59,47574,Goch
Osnabrücker Str. 250,48429,Rheine
Bonifatiusstr. 61,48429,Rheine
Pagenstecherstr. 133,49090,Osnabrück
Schulstr. 1,49170,Hagen
Frankfurter Str. 29,49214,Bad Rothenfelde
Schullendamm 60,49716,Meppen
Neuer Markt 11,49733,Haren
Trankgasse 11,50667,Köln
Neusser Str. 210,50733,Köln
Adalbertstr. 100,52062,Aachen
Schumanstr. 4,52146,Würselen
Langwahn 54,52249,Eschweiler
Hauptstr. 83,53474,Bad Neuenahr-Ahrweiler
Rathausallee 16,53757,Sankt Augustin
Breite Str. 31,55124,Mainz
Bahnhofstr. 26,55218,Ingelheim
Schwabenheimer Weg 5,55543,Bad Kreuznach
Alzeyer Str. 81,55543,Bad Kreuznach
Mannheimer Str. 128,55543,Bad Kreuznach
Hohenfelder Str. 22,56068,Koblenz
Altlöhrtor 17,56068,Koblenz
Am Einkaufspark 1,56462,Höhn
Hausener Str. 2-6,56727,Mayen
Sandstr. 163,57072,Siegen
Hundemstr. 43,57368,Lennestadt
Kölner Str. 313,58256,Ennepetal
Wilhelmstr. 33,58511,Lüdenscheid
Theodor-Heuss-Ring 11-25,58636,Iserlohn
Hauptstr. 172,58675,Hemer
Richard-Matthaei-Platz 1,59065,Hamm
Bahnhofstraße 12,59929,Brilon
Bahnhofstraße 18 ,59929,Brilon
Reuterweg 68-70,60323,Frankfurt
Riedbergplatz 2,60438,Frankfurt
Dortelweiler Platz 2,61118,Bad Vilbel
Louisenstr. 77,61348,Bad Homburg
Odenwaldring 70,63069,Offenbach
Robert-Bosch-Str. 15,63303,Dreieich
Kinzigbogen 6,63452,Hanau
Königsberger Str. 75,63512,Hainburg
Weisskirchenweg 11,63571,Gelnhausen
Ludwigsplatz 1,64283,Darmstadt
Hasengartenstr. 25,65189,Wiesbaden
Äppelallee 69,65203,Wiesbaden
Pommernstr. 47,65520,Bad Camberg
Westerwaldstr. 111,65549,Limburg
Bahnhofstr. 37,66111,Saarbrücken
Quierschieder Weg 3 D,66280,Sulzbach
Neunmorgenstr.,66424,Homburg
Wormser Str. 109,67227,Frankenthal
Merkurstr. 57,67663,Kaiserslautern
Hertzstr. 1,69126,Heidelberg
Berliner Platz 1,69469,Weinheim
Mönsheimer Str. 50,71296,Heimsheim
Ruhrstr. 5,71332,Waiblingen
Emil-Adolff-Str. 21,72760,Reutlingen
Stuttgarter Str. 1,73054,Eislingen
Dr.-Adolf-Schneider-Str. 20,73479,Ellwangen
Berliner Str. 2,73728,Esslingen
Kronenstr. 43,73734,Esslingen
Olgastr. 57,74072,Heilbronn
Am Wollhaus 4,74072,Heilbronn
Neckargartacher Str. 111,74080,Heilbronn
Rötelstr. 35,74172,Neckarsulm
Weilerwiese 5,74523,Schwäbisch Hall
Daimlerstr. 70,74545,Michelfeld
Friedrichstr. 16/AM BAHNHOF,74889,Sinsheim
Pforzheimer Str. 46,75015,Bretten
Wilhelm-Becker-Str.15,75179,Pforzheim
Rüppurrer Str. 1,76137,Karlsruhe
Wilhelm-Drapp-Str. 23,76532,Baden-Baden
Dammühlstr. 11,76829,Landau
Hornbachstr. 17,76879,Bornheim
Georg-Fischer-Str. 15,78224,Singen
Bertoldstr.8,79098,Freiburg
Freiburger Str. 4,79312,Emmendingen
Hauptstr. 437,79576,Weil am Rhein
Hauptstr. 302,79576,Weil am Rhein
Großfeldstr. 2,79618,Rheinfelden
Laufenpark 16,79725,Laufenburg
Brückenstr.7,79761,Waldhut-Tiengen
Neuhauser Str. 11,80331,München
Stachus Einkauszentrum 11,80335,München
Bahnhofplatz 2,80335,München
Riesstr. 59,80993,München
Oberföhringer Str. 2,81679,München
Willy-Brandt-Platz 5,81829,München
Untere Bahnhofstr. 38,82110,Germering
Heimstättenstr. 34,82256,Fürstenfeldbruck
Gebhardtstr. 1,82515,Wolfratshausen
Happinger Str. 77 B,83026,Rosenheim
Äußere Münchener Str. 100,83026,Rosenheim
An der Alten Spinnerei 8,83059,Kolbermoor
Bahnhofstr. 5,83229,Aschau
Moraltpark 1 D,83646,Bad Tölz
Nördliche Hauptstr. 14,83700,Rottach-Egern
Marienplatz 16,84130,Dingolfing
Braumeisterstr. 1,84524,Neuötting
Am Westpark 6,85057,Ingolstadt
Hauptplatz 25,85276,Pfaffenhofen
Rathausplatz 2,85716,Unterschleißheim
Willy-Brandt-Platz 1,86153,Augsburg
Schloßstr. 3,86405,Meitingen
Fuggerstr. 37,86830,Schwabmünchen
August-Fischer-Platz 1,87435,Kempten
Reichenstr. 12,87629,Füssen
Konstanzenstr. 92,90439,Nürnberg
Glogauer Str. 30-38,90473,Nürnberg
Laufamholzstr. 40-42,90482,Nürnberg
Äußere Bayreuther Str. 80,90491,Nürnberg
Nürnberger Str. 7,91052,Erlangen
Nürnberger Str. 34,91522,Ansbach
Dinkelsbühler Str. 26,91555,Feuchtwangen
Dr.-Seeling-Str. 18-24,92637,Weiden
Bahnhofstr. 1,94032,Passau
Hohenzollernring 58,95444,Bayreuth
Spinnereistr. 7,95445,Bayreuth
Forchheimer Str. 47,96129,Strullendorf
Industriestr. 7,97076,Würzburg
V. Hessing-Str. 1,97688,Bad Kissingen
Untere Marktstr. 12,97688,Bad Kissingen
Steinweg 31,98527,Suhl
Gothaer Str. 22,99094,Erfurt
Erfurter Str. 72,99095,Erfurt
