René,Konig
Marie,Friedman
Benjamin,Eisenberg
Luca,Kuhn
Daniel,Ehrlichmann
Martin,Saenger
Christian,Eiffel
Felix,Maier
Felix,Ackermann
Vanessa,Schreiber
Uwe,Meier
Tom,Eggers
Petra,Loewe
Peter,Bach
Heike,Barth
Melanie,Gruenewald
Katharina,Bohm
Jessica,Ebersbacher
Jens,Nussbaum
Lea,Mehler
Felix,Maier
Jessica,Hartmann
Karolin,Bachmeier
Mandy,Lange
Christina,Schwartz
David,Baumgaertner
Mario,Trommler
Angelika,Weisz
Ines,Klug
Erik,Schmid
Ralph,Wagner
Kristin,Fried
Lukas,Koertig
Michael,Weissmuller
Lucas,Kastner
Yvonne,Ebersbacher
Sabrina,Papst
Angelika,Loewe
Mike,Gottschalk
Anja,Schäfer
Nicole,Unger
Christin,Weissmuller
Birgit,Schwartz
Ralph,Seiler
Mike,Eichmann
Sabrina,Dreher
Marko,Boehm
Max,Kaiser
Annett,Zimmermann
Michael,Ziegler
Birgit,Friedmann
Stephan,Peters
Thomas,Konig
Niklas,Scholz
Sarah,Eichel
Stefan,Waechter
Julia,Maier
Gabriele,Finkel
Katrin,Metzger
Thomas,Maur
Max,Kohler
Swen,Werfel
Lukas,Fried
Dominik,Lehmann
Andreas,Dietrich
Sandra,Eisenberg
Erik,Mahler
Kerstin,Metzger
Swen,Theissen
Matthias,Bosch
Sara,Thalberg
Melanie,Gaertner
Julia,Koertig
Daniel,Bergmann
Swen,Herrmann
Lena,Wirtz
Anke,Jaeger
Stefan,Klein
Benjamin,Pfaff
Swen,Baumgartner
Jan,Metzger
Christian,Rothstein
Maria,Kuster
Leah,Seiler
Maximilian,Eisenberg
Mandy,Beike
Christine,Maier
Ralf,Weiss
Michael,Schneider
Lisa,Mehler
Laura,Fuchs
Matthias,Reinhard
Maximilian,Trommler
Silke,Pabst
Patrick,Maier
Stefanie,Kruger
Michelle,Sanger
Thorsten,Fleischer
Martin,Beckenbauer
Lucas,Schuhmacher
Martin,Kuster
Sebastian,Koch
Mandy,Hirsch
Torsten,Schaefer
Jana,Schneider
Niklas,Nacht
Leonie,Brandt
Jonas,Bieber
Dennis,Schmitz
Maria,Bumgarner
Mike,Hueber
Andrea,Richter
Karolin,Frei
Janina,Schultz
Brigitte,Reinhard
Tim,Biermann
Yvonne,Lemann
Jürgen,Burger
Franziska,Gerber
Silke,Decker
Sabine,Furst
Kathrin,Lange
Ursula,Eisenhower
Klaus,Wagner
Marco,Glockner
Niklas,Durr
Marina,Ackermann
Sebastian,Ostermann
Niklas,Schulze
Melanie,Herman
Marko,Ehrlichmann
Jürgen,Muench
Stefan,Dresdner
Sophia,Schmitz
Ulrich,Werfel
Simone,Dietrich
Thomas,Neustadt
Antje,Hoch
Daniela,Mayer
Maria,Freitag
Jessica,Durr
Uta,Koertig
Peter,Roth
Tom,Gerste
Sara,Wulf
Florian,Jager
Mike,Furst
Antje,Lowe
Ulrike,Ackermann
Felix,Hartmann
Maximilian,Brauer
Uta,Neudorf
Peter,Hertz
Johanna,Wirtz
Heike,Kluge
Jessica,Eberhardt
Tim,Wulf
Benjamin,Dresdner
Phillipp,Abend
Annett,Hahn
Mike,Abt
Jana,Gruenewald
Jana,Fischer
Bernd,Eichmann
Nicole,Burger
Tanja,Kohl
Stephan,Fuchs
Yvonne,Lehrer
Mike,Mueller
Johanna,Bumgarner
Laura,Richter
Michael,Koertig
Mario,Bürger
Tom,Kortig
Kathrin,König
Jessica,Hahn
Jessika,Walter
Stephanie,Osterhagen
Anja,Bumgarner
Steffen,Schulze
Dominik,Kortig
Kevin,Friedman
Michael,Hoover
Uta,Hoover
Monika,Fried
Maik,Peters
Michael,Friedman
Eric,Vogt
Sabrina,Eisenhauer
Klaudia,Beyer
Marco,Blau
Leon,Kuhn
Robert,Vogt
Melanie,Baader
Andreas,Hoch
Robert,Gärtner
Andreas,Diederich
Marcel,Brauer
Andrea,Barth
Matthias,Weiss
Klaudia,Schwab
René,Busch
Simone,Kuefer
Jana,Hahn
Angelika,Freitag
Melanie,Amsel
Matthias,Neudorf
Christian,Schultz
Anja,Beckenbauer
Kevin,Schwartz
Felix,Adler
Angelika,Schwab
Stephan,Bauer
Stephanie,Schweitzer
Nicole,Zweig
Lukas,Bürger
Gabriele,Möller
Christin,Waechter
Swen,Gerber
Sophia,Kuester
Sabrina,Möller
Peter,Burger
Tobias,Schultz
Kevin,Papst
Stefan,Shuster
Simone,Hahn
Doreen,Freeh
Doreen,Eisenhower
Kerstin,Berg
Susanne,Reinhard
Franziska,Fink
Dominik,Pfaff
Ralph,Schroeder
Wolfgang,Durr
Monika,Schwab
Kevin,Mueller
Sophie,Unger
Alexander,Fink
Stefanie,Weber
Martin,Schultz
Jörg,Schmitz
Jessica,Baer
Benjamin,Frei
Jörg,Feierabend
Anja,Baum
Ulrike,Gaertner
Franziska,Ostermann
Marina,Freytag
Marco,Fuerst
Lena,Holzman
Andrea,Schwab
Heike,Frueh
Simone,Burger
Karin,Schmitz
Christine,Neumann
Jan,Schmitz
Matthias,Luft
Martin,Eichelberger
Karolin,Baier
Dominik,Schuster
Bernd,Frei
Anne,Peters
Gabriele,Fuerst
Lucas,Gottschalk
Christian,Bayer
Stephan,Gloeckner
Tanja,Gerber
Martin,Mueller
Stefanie,Glockner
Marie,Kortig
Mario,Zimmer
Michael,Lehmann
Ralph,Eisenhauer
Klaudia,Frei
Uta,Feierabend
Sandra,Gottlieb
Christina,Keller
Luca,Feierabend
Christina,Fruehauf
Sophie,Wagner
Lucas,Naumann
Ulrich,Lehrer
Sven,Kaufmann
Angelika,Busch
Monika,Gottlieb
Stefanie,Vogt
Frank,Amsel
Kristian,Wagner
Laura,Egger
Simone,Maier
Florian,Kohler
Stefanie,Amsel
Mike,Nussbaum
Sarah,Bumgarner
Uwe,Schreiner
Katja,Schwartz
Andrea,Goldschmidt
Jan,Peters
Felix,Sankt
Uwe,Bar
Erik,Vogt
Dennis,Eberhart
Torsten,Schäfer
Brigitte,Zimmerman
Patrick,Wurfel
Martina,Theissen
Christina,Probst
Barbara,Kuefer
Monika,Moench
Peter,Jung
Andreas,Keller
Kristian,Gerber
Lucas,Probst
Paul,Beyer
Frank,Kappel
Claudia,Kaiser
Ralph,Moeller
Jessika,Weiß
Barbara,Urner
Stephanie,Schaefer
Thomas,Daecher
Anna,Klein
Mathias,Herz
Sebastian,Schultheiss
Martin,Blau
Max,Kuester
Wolfgang,Busch
Lucas,Krüger
Dennis,Propst
Sabine,Frey
Matthias,Neustadt
Torsten,Meister
Paul,Baer
Eric,Meier
Mike,Schröder
Luca,Holtzmann
Maik,Furst
Robert,Herman
Sabine,Nadel
Max,Peters
Ines,Eisenhower
Jürgen,Fleischer
Christin,Lange
Michael,Freud
Paul,Wirth
Christian,Muller
Mike,Weissmuller
Andreas,Engel
Juliane,Ackerman
Nadine,Fried
Lukas,Wulf
Antje,Gloeckner
Christian,Hartmann
Andrea,Werfel
Anna,Saenger
Max,Schroeder
Claudia,Freitag
Tom,Klug
Tobias,Müller
Peter,Schulze
Daniel,Dresdner
Eric,Bach
Leonie,Foerster
Mike,Beike
Antje,Abend
Ralf,Eisenhower
Tom,Theiss
Stephan,Dresdner
Sophie,Ackerman
Anke,König
Karolin,Schroeder
Anna,Fuhrmann
Lukas,Bosch
Ralph,Pfaff
Jana,Hoffmann
Philipp,Finkel
Tobias,Hueber
Uta,Brandt
Ursula,Fenstermacher
Petra,Vogt
Jennifer,König
Manuela,Eisenhauer
Wolfgang,Bar
Kerstin,Papst
Ralph,Duerr
Sara,Koehler
Kevin,Kuster
Michael,Loewe
Julia,Schuhmacher
Karolin,Loewe
Jana,Berg
Marina,Eberhardt
Jörg,Freytag
Gabriele,Baader
Uta,Osterhagen
Mathias,Egger
Michelle,Eggers
Barbara,Probst
Ulrich,Lowe
Tobias,Krueger
Stephanie,Beike
David,Schultheiss
Klaudia,Friedmann
Leon,Lemann
Juliane,Schweitzer
Michelle,Dreher
Patrick,Grunwald
Daniela,Hartmann
Vanessa,Gottschalk
Thorsten,Friedmann
David,Dreher
Juliane,Pfaff
Maximilian,Kunze
Sabine,Zimmer
Marie,Junker
Ursula,Zimmerman
Ursula,Hertz
Susanne,Baum
René,Bergmann
Karolin,Hoch
Christine,Zimmer
Frank,Fuhrmann
Claudia,Ritter
Sara,Pfaff
Sophie,Zimmermann
Jürgen,Schwab
Antje,Rothstein
Patrick,Egger
Alexander,Nacht
Christina,Baum
Monika,Krueger
Jessika,Herman
Kevin,Boehm
Kerstin,Wagner
Max,Hoch
Yvonne,Osterhagen
Michelle,Schwab
Thorsten,Weber
Sabine,Daecher
Leonie,Fuchs
Dieter,Kaufmann
Jörg,Holtzmann
Stefan,Nagel
Jennifer,Neustadt
Marie,Pfeffer
Jessica,Friedman
Thorsten,Faber
Sarah,Lehrer
Franziska,Wurfel
Sandra,Pfaff
Sven,Shuster
Stefan,Bar
Sara,Drechsler
Laura,Engel
Claudia,Hertz
Tom,Pfeiffer
Niklas,Adler
Michelle,Klug
Felix,Vogel
Leon,Schroder
Jürgen,Schuhmacher
Sophie,Maier
Swen,Kuhn
Michael,Lowe
Dominik,Drescher
Tobias,Keller
Florian,Decker
Stephanie,Weber
Katrin,Kortig
Leon,Baecker
Ursula,Biermann
Johanna,Freud
Stephan,Engel
Thomas,Drechsler
Kathrin,Krueger
Jana,Ackerman
Katharina,Hartmann
Daniela,Eberhardt
Mario,Neumann
Mario,Wulf
Tom,Furst
Lena,Eiffel
Mike,Freytag
Maria,Schwarz
Michael,Hoffmann
Annett,Schultz
Janina,Berg
Stephan,Reiniger
David,Köhler
Mathias,Grunewald
Max,Schroeder
Peter,Junker
Gabriele,Diederich
Jessika,Schmid
Alexander,Möller
Marco,Wolf
Claudia,Weiß
Jessika,Schmid
Thomas,Abt
Martin,Reiniger
Dirk,Vogler
Tim,Wechsler
Klaudia,Beike
Jana,König
Stefan,Herman
Jörg,Hartmann
Petra,Maier
Max,Baumgartner
Brigitte,Osterhagen
Steffen,Kruger
Lisa,Finkel
Doreen,Austerlitz
Katrin,Meier
Luca,Beckenbauer
Sabrina,Köhler
Steffen,Bergmann
Maximilian,König
Wolfgang,Koenig
Gabriele,Möller
Sandra,Thalberg
Anna,Winkel
Wolfgang,Brandt
Marcel,Urner
Markus,Waechter
Maximilian,Adler
Lea,Baer
Peter,Maier
Maria,Vogt
Anna,Adler
Kristian,Frei
Philipp,Aachen
Diana,Naumann
Christin,Naumann
Kristin,Klug
Maik,Fruehauf
Jessica,Freitag
Martin,Baader
Klaus,Schmitt
Ulrike,Dreher
Heike,Eisenhower
René,Kortig
Martin,Lowe
Simone,Weber
Ute,Brandt
Brigitte,Herrmann
Katja,Zweig
Katharina,Faber
Stephan,Mueller
Brigitte,Propst
Jessika,Seiler
Niklas,Winkel
Sara,Werner
Thorsten,Grunwald
Daniel,Baer
Manuela,Herrmann
Doreen,Jung
Steffen,Ebersbach
Daniela,Finkel
Karolin,Ackermann
Heike,Koch
Andreas,Fenstermacher
Kerstin,Fuhrmann
Lisa,Bach
Uta,Vogler
Monika,Hertzog
Lisa,Diederich
Sophia,Finkel
Bernd,Himmel
Maximilian,Scherer
René,Hoffmann
Sven,Gersten
Kerstin,Bauer
Erik,Engel
Swen,Koehler
Sophie,Schroeder
Jörg,Gaertner
Lea,Kuefer
Sara,Freitag
Eric,Himmel
Stephanie,Freytag
Brigitte,Kastner
Anke,Drescher
Maximilian,Kappel
Uta,Eisenberg
Antje,Freitag
Sarah,Bachmeier
Tom,Wolf
Franziska,Kaiser
Anne,Himmel
Julia,Kirsch
Martin,Schmidt
Max,Herz
Matthias,Bergmann
Brigitte,Kuhn
Thorsten,Baumgaertner
Paul,Frankfurter
Christian,Jaeger
Jörg,Bauer
Tom,Decker
Sophia,Pfaff
Matthias,Sanger
Dirk,Barth
Marina,Vogel
Dennis,Ehrlichmann
Diana,Finkel
Jürgen,Schreiner
Lea,Gersten
Ralf,Weiß
Sebastian,Osterhagen
Susanne,Maier
Kathrin,Schwartz
Michael,Holzman
Jörg,Freud
Sebastian,Dresner
Thorsten,Schneider
Julia,Nagel
Jürgen,Seiler
Dirk,Lehrer
Peter,Koertig
Maximilian,Zweig
Jens,Maurer
Swen,Trommler
Ursula,Kaestner
Sabrina,Krueger
Andrea,Amsel
Ute,Bachmeier
Robert,Dreher
Leonie,Grunewald
Diana,Fisher
Antje,Neudorf
Sophia,Beyer
Jana,Maier
Monika,Ehrlichmann
Uwe,Weisz
Eric,Koch
Melanie,Herz
Martin,Junker
Uta,Weber
Christian,Papst
Katrin,Vogel
Doreen,Kuefer
Jonas,Busch
Yvonne,Urner
Kathrin,Nussbaum
Sebastian,Müller
Klaus,Finkel
Jan,Baier
Lukas,Furst
Tim,Schweizer
Katharina,Nadel
Eric,Koenig
Nadine,Pfeffer
Franziska,Neustadt
Paul,Beyer
Phillipp,Ritter
Anne,Hoch
Julia,Nacht
Swen,Amsel
Frank,Grunewald
Nadine,Schreiner
Jessika,Weisz
Ines,Blau
Daniela,Thalberg
Luca,Boehm
Kristian,Kohler
Katja,Waechter
Barbara,Fischer
Ute,Boehm
René,Propst
Philipp,Shuster
Maximilian,Weber
Christine,Schaefer
Jonas,Scherer
Markus,Bürger
Erik,Kunze
Ute,Zweig
Dirk,Metzger
Mario,Baecker
Thorsten,Wechsler
Ralf,Eichel
Ralph,Thalberg
Stefanie,Mueller
Dominik,Bürger
Paul,Brauer
Florian,Weiß
Katharina,Himmel
Robert,Baader
Bernd,Schröder
Sophia,Krüger
Philipp,Brandt
Patrick,Muench
Katharina,Schulz
Marko,Weisz
Jonas,Neustadt
Jan,Huber
Marcel,Moench
Eric,Unger
Klaus,Klug
René,Schwartz
Birgit,Maier
Mathias,Krüger
Heike,Keller
Daniela,Fried
Thorsten,Bergmann
Felix,Neudorf
Sara,Hahn
Lea,Peters
Ulrich,Burger
Sarah,Friedmann
Thomas,Kluge
Kristian,Maier
Lena,Scherer
Lisa,Brandt
Felix,Muller
Lena,Herz
Sabine,Weiss
Birgit,König
Julia,Weiss
Kevin,Schweizer
Diana,Richter
Leonie,Dresdner
Andreas,Wirtz
Monika,Vogel
Anne,Cole
Sven,Frey
Tanja,Faerber
Jennifer,Ackerman
Frank,Kuster
Marie,Freeh
Daniela,Pabst
Susanne,Reinhardt
Matthias,Meister
Manuela,Müller
Mandy,Koch
Leon,Austerlitz
Jana,Vogt
Martina,Schmid
Wolfgang,Schulze
Katja,Fuhrmann
Leonie,Krause
Torsten,Shuster
Karolin,Ziegler
Marco,Grunwald
Maik,Kastner
Kristin,Peters
Klaus,Kalb
Patrick,Hoffmann
Patrick,Fisher
Mandy,Kaiser
Sophia,Theiss
Marco,Gerber
Matthias,Schreiner
Ines,Theissen
Claudia,Freytag
Marina,Wechsler
Antje,Schulze
Andreas,Werfel
Tanja,Boehm
Sabrina,Loewe
Sandra,Lowe
René,Trommler
Tom,Meyer
Tom,Eichmann
Maik,Dietrich
Brigitte,Rothschild
Lukas,Hartmann
Stephanie,Baer
Torsten,Neudorf
Birgit,Dietrich
Angelika,Eberhardt
Sandra,Hueber
Katja,Zimmer
Maria,Reiniger
Julia,Nagel
Dominik,Schroder
René,Freytag
Anja,Wechsler
Anne,Drechsler
Ralph,Foerster
Sophia,Meyer
Heike,Koertig
Johanna,Kuefer
Jana,Hertzog
Steffen,Köhler
Sandra,Cole
Diana,Mauer
Anja,Foerster
Vanessa,Weiß
Anke,Glockner
Janina,Freeh
Phillipp,Weiß
Sabrina,Peters
Mandy,Roth
Nicole,Wannemaker
Uta,Becker
Maria,Meier
Birgit,Schmidt
Dennis,Bumgarner
Christian,Jaeger
Mario,Schweitzer
Dirk,Goldschmidt
Lea,Werfel
Thorsten,Jung
Johanna,Bergmann
Dennis,Fleischer
Dennis,Lehmann
Juliane,Koertig
Vanessa,Nagel
Susanne,Möller
Robert,Farber
Torsten,Baumgaertner
Heike,Zimmer
Sophia,Schäfer
Michelle,Drechsler
Jonas,Muller
Mandy,Fuhrmann
Jan,Neustadt
Leon,Lange
Kathrin,Achen
Thorsten,Baer
Jennifer,Mayer
Benjamin,Baier
Philipp,Duerr
Lucas,Moench
Maik,Gersten
Robert,Freitag
Kathrin,Möller
Brigitte,Krause
Steffen,Kuster
Torsten,Shuster
Jörg,Thalberg
Ursula,Fisher
Sophie,Hahn
Ralf,Kastner
Sophia,Dresner
Swen,Gerste
Melanie,Ackermann
Frank,Freud
Markus,Schaefer
Robert,Strauss
Christina,Schweizer
Ralph,Foerster
Lisa,Decker
Dennis,Zweig
Dominik,Naumann
Kevin,Weissmuller
Dieter,Abt
Christina,Weiß
Sandra,Abend
Sven,Krüger
Monika,Bumgarner
Antje,Schmid
Diana,Fuerst
Stephan,Foerster
Anne,Weissmuller
Michelle,Gloeckner
Lucas,Baader
Jana,Klug
Simone,Lehrer
Alexander,Koehler
Claudia,Schroeder
Dominik,Foerster
Johanna,Aachen
Mike,Bergmann
Christine,Eichelberger
Kristin,Köhler
Diana,Reinhard
Franziska,Eichelberger
Torsten,Weber
Ines,Achen
Jonas,Ziegler
Daniel,Lange
Christian,Drescher
Paul,Glockner
Steffen,Holzman
Sarah,Saenger
Martina,Kluge
Jana,Fleischer
Monika,Berg
Sandra,Fuhrmann
Dennis,Beckenbauer
Sven,Weissmuller
Eric,Zimmermann
Gabriele,Lang
Lukas,Gärtner
Uta,Muller
Anne,Neustadt
Florian,Wirtz
Kevin,Bosch
Peter,Metzger
Daniel,Gruenewald
Leonie,Dresner
Patrick,Scholz
Paul,Egger
Ulrike,Wagner
Anna,Frei
Lea,Pabst
Kathrin,Koch
Kevin,Finkel
Nadine,Gruenewald
Simone,Kuefer
Marco,Wulf
Dirk,Schweitzer
Sabine,Strauss
Tim,Kruger
Leonie,Aachen
Phillipp,Muench
Maria,Hoffmann
Eric,Reiniger
Katharina,Faber
Mario,Pfaff
Claudia,Gloeckner
Simone,Möller
Swen,Bach
Simone,Weisz
Ute,Krueger
Steffen,Gottlieb
Anne,Schulze
Leah,Cole
Tanja,Wannemaker
Erik,Bergmann
Sabine,Gerber
Sven,Maier
Marina,Hofmann
Mathias,Lang
Phillipp,Kirsch
Jens,Fenstermacher
Juliane,König
Steffen,Probst
Tobias,Sommer
Lucas,Berg
Sebastian,Diederich
Jennifer,Schwab
Daniel,Beckenbauer
Anna,Schreiber
Philipp,Grunewald
David,Baader
Benjamin,Fiedler
Bernd,Himmel
Paul,Goldschmidt
Paul,Kunze
Michael,Amsel
Angelika,Daecher
Ulrike,Schiffer
Katharina,Hahn
Lea,Cole
Ulrich,Hertz
Monika,Mueller
Kristin,Jager
Mathias,Meyer
Mandy,Theissen
Brigitte,Seiler
Karolin,Dreher
Katharina,Lange
Swen,Krause
Max,Schmitz
Katja,Schultheiss
Jörg,Kuefer
Sven,Unger
Karolin,Winkel
David,Richter
Leonie,Hertz
Mathias,Kohl
Barbara,Schmitt
Jessika,Gottschalk
Yvonne,Hoffmann
Alexander,Goldschmidt
Anna,Muller
Sophia,Burger
Dirk,Finkel
Peter,Brandt
Ralf,Neumann
Ulrich,Schwab
Steffen,Hueber
Marko,Berg
Tom,Bergmann
Jessica,Schroeder
Simone,Naumann
Jörg,Gottschalk
Karin,Wexler
Jessika,Bosch
Doreen,Cole
Wolfgang,Köhler
Andrea,Mehler
Michael,Gersten
Susanne,Goldschmidt
Barbara,Schmidt
Lea,Neumann
Wolfgang,Schmidt
Ralf,Reinhardt
Leonie,Maier
Sarah,Schwarz
Maximilian,Luft
Martina,Schultheiss
Daniel,Kirsch
Dennis,Schuster
Sebastian,Biermann
Anja,Wulf
Anke,Schweizer
Leon,Biermann